id,predicted_target
PA3001,
PA3002,
PA3003,
PA3004,
PA3005,
PA3006,
PA3007,
PA3008,
PA3009,
PA3010,
PA3011,
PA3012,
PA3013,
PA3014,
PA3015,
PA3016,
PA3017,
PA3018,
PA3019,
PA3020,
PA3021,
PA3022,
PA3023,
PA3024,
PA3025,
PA3026,
PA3027,
PA3028,
PA3029,
PA3030,
PA3031,
PA3032,
PA3033,
PA3034,
PA3035,
PA3036,
PA3037,
PA3038,
PA3039,
PA3040,
PA3041,
PA3042,
PA3043,
PA3044,
PA3045,
PA3046,
PA3047,
PA3048,
PA3049,
PA3050,
PA3051,
PA3052,
PA3053,
PA3054,
PA3055,
PA3056,
PA3057,
PA3058,
PA3059,
PA3060,
PA3061,
PA3062,
PA3063,
PA3064,
PA3065,
PA3066,
PA3067,
PA3068,
PA3069,
PA3070,
PA3071,
PA3072,
PA3073,
PA3074,
PA3075,
PA3076,
PA3077,
PA3078,
PA3079,
PA3080,
PA3081,
PA3082,
PA3083,
PA3084,
PA3085,
PA3086,
PA3087,
PA3088,
PA3089,
PA3090,
PA3091,
PA3092,
PA3093,
PA3094,
PA3095,
PA3096,
PA3097,
PA3098,
PA3099,
PA3100,
PA3101,
PA3102,
PA3103,
PA3104,
PA3105,
PA3106,
PA3107,
PA3108,
PA3109,
PA3110,
PA3111,
PA3112,
PA3113,
PA3114,
PA3115,
PA3116,
PA3117,
PA3118,
PA3119,
PA3120,
PA3121,
PA3122,
PA3123,
PA3124,
PA3125,
PA3126,
PA3127,
PA3128,
PA3129,
PA3130,
PA3131,
PA3132,
PA3133,
PA3134,
PA3135,
PA3136,
PA3137,
PA3138,
PA3139,
PA3140,
PA3141,
PA3142,
PA3143,
PA3144,
PA3145,
PA3146,
PA3147,
PA3148,
PA3149,
PA3150,
PA3151,
PA3152,
PA3153,
PA3154,
PA3155,
PA3156,
PA3157,
PA3158,
PA3159,
PA3160,
PA3161,
PA3162,
PA3163,
PA3164,
PA3165,
PA3166,
PA3167,
PA3168,
PA3169,
PA3170,
PA3171,
PA3172,
PA3173,
PA3174,
PA3175,
PA3176,
PA3177,
PA3178,
PA3179,
PA3180,
PA3181,
PA3182,
PA3183,
PA3184,
PA3185,
PA3186,
PA3187,
PA3188,
PA3189,
PA3190,
PA3191,
PA3192,
PA3193,
PA3194,
PA3195,
PA3196,
PA3197,
PA3198,
PA3199,
PA3200,
PA3201,
PA3202,
PA3203,
PA3204,
PA3205,
PA3206,
PA3207,
PA3208,
PA3209,
PA3210,
PA3211,
PA3212,
PA3213,
PA3214,
PA3215,
PA3216,
PA3217,
PA3218,
PA3219,
PA3220,
PA3221,
PA3222,
PA3223,
PA3224,
PA3225,
PA3226,
PA3227,
PA3228,
PA3229,
PA3230,
PA3231,
PA3232,
PA3233,
PA3234,
PA3235,
PA3236,
PA3237,
PA3238,
PA3239,
PA3240,
PA3241,
PA3242,
PA3243,
PA3244,
PA3245,
PA3246,
PA3247,
PA3248,
PA3249,
PA3250,
PA3251,
PA3252,
PA3253,
PA3254,
PA3255,
PA3256,
PA3257,
PA3258,
PA3259,
PA3260,
PA3261,
PA3262,
PA3263,
PA3264,
PA3265,
PA3266,
PA3267,
PA3268,
PA3269,
PA3270,
PA3271,
PA3272,
PA3273,
PA3274,
PA3275,
PA3276,
PA3277,
PA3278,
PA3279,
PA3280,
PA3281,
PA3282,
PA3283,
PA3284,
PA3285,
PA3286,
PA3287,
PA3288,
PA3289,
PA3290,
PA3291,
PA3292,
PA3293,
PA3294,
PA3295,
PA3296,
PA3297,
PA3298,
PA3299,
PA3300,
PA3301,
PA3302,
PA3303,
PA3304,
PA3305,
PA3306,
PA3307,
PA3308,
PA3309,
PA3310,
PA3311,
PA3312,
PA3313,
PA3314,
PA3315,
PA3316,
PA3317,
PA3318,
PA3319,
PA3320,
PA3321,
PA3322,
PA3323,
PA3324,
PA3325,
PA3326,
PA3327,
PA3328,
PA3329,
PA3330,
PA3331,
PA3332,
PA3333,
PA3334,
PA3335,
PA3336,
PA3337,
PA3338,
PA3339,
PA3340,
PA3341,
PA3342,
PA3343,
PA3344,
PA3345,
PA3346,
PA3347,
PA3348,
PA3349,
PA3350,
PA3351,
PA3352,
PA3353,
PA3354,
PA3355,
PA3356,
PA3357,
PA3358,
PA3359,
PA3360,
PA3361,
PA3362,
PA3363,
PA3364,
PA3365,
PA3366,
PA3367,
PA3368,
PA3369,
PA3370,
PA3371,
PA3372,
PA3373,
PA3374,
PA3375,
PA3376,
PA3377,
PA3378,
PA3379,
PA3380,
PA3381,
PA3382,
PA3383,
PA3384,
PA3385,
PA3386,
PA3387,
PA3388,
PA3389,
PA3390,
PA3391,
PA3392,
PA3393,
PA3394,
PA3395,
PA3396,
PA3397,
PA3398,
PA3399,
PA3400,
PA3401,
PA3402,
PA3403,
PA3404,
PA3405,
PA3406,
PA3407,
PA3408,
PA3409,
PA3410,
PA3411,
PA3412,
PA3413,
PA3414,
PA3415,
PA3416,
PA3417,
PA3418,
PA3419,
PA3420,
PA3421,
PA3422,
PA3423,
PA3424,
PA3425,
PA3426,
PA3427,
PA3428,
PA3429,
PA3430,
PA3431,
PA3432,
PA3433,
PA3434,
PA3435,
PA3436,
PA3437,
PA3438,
PA3439,
PA3440,
PA3441,
PA3442,
PA3443,
PA3444,
PA3445,
PA3446,
PA3447,
PA3448,
PA3449,
PA3450,
PA3451,
PA3452,
PA3453,
PA3454,
PA3455,
PA3456,
PA3457,
PA3458,
PA3459,
PA3460,
PA3461,
PA3462,
PA3463,
PA3464,
PA3465,
PA3466,
PA3467,
PA3468,
PA3469,
PA3470,
PA3471,
PA3472,
PA3473,
PA3474,
PA3475,
PA3476,
PA3477,
PA3478,
PA3479,
PA3480,
PA3481,
PA3482,
PA3483,
PA3484,
PA3485,
PA3486,
PA3487,
PA3488,
PA3489,
PA3490,
PA3491,
PA3492,
PA3493,
PA3494,
PA3495,
PA3496,
PA3497,
PA3498,
PA3499,
PA3500,
PA3501,
PA3502,
PA3503,
PA3504,
PA3505,
PA3506,
PA3507,
PA3508,
PA3509,
PA3510,
PA3511,
PA3512,
PA3513,
PA3514,
PA3515,
PA3516,
PA3517,
PA3518,
PA3519,
PA3520,
PA3521,
PA3522,
PA3523,
PA3524,
PA3525,
PA3526,
PA3527,
PA3528,
